"DT_GERACAO";"HH_GERACAO";"ANO_ELEICAO";"CD_TIPO_ELEICAO";"NM_TIPO_ELEICAO";"CD_ELEICAO";"DS_ELEICAO";"SG_UF";"SG_UE";"NM_UE";"SQ_CANDIDATO";"DS_MOTIVO_CASSACAO"
"30/01/2022";"10:02:52";"2018";"2";"Eleição Ordinária";"297";"Eleições Gerais Estaduais 2018";"MG";"MG";"MINAS GERAIS";"130000603188";"Ausência de requisito de registro "
"30/01/2022";"10:02:52";"2018";"2";"Eleição Ordinária";"297";"Eleições Gerais Estaduais 2018";"MG";"MG";"MINAS GERAIS";"130000610239";"Ausência de requisito de registro "
"30/01/2022";"10:02:52";"2018";"2";"Eleição Ordinária";"297";"Eleições Gerais Estaduais 2018";"MG";"MG";"MINAS GERAIS";"130000628847";"Ausência de requisito de registro "
"30/01/2022";"10:02:52";"2018";"2";"Eleição Ordinária";"297";"Eleições Gerais Estaduais 2018";"MG";"MG";"MINAS GERAIS";"130000617947";"Impugnação"
"30/01/2022";"10:02:52";"2018";"2";"Eleição Ordinária";"297";"Eleições Gerais Estaduais 2018";"MG";"MG";"MINAS GERAIS";"130000620836";"Ausência de requisito de registro "
"30/01/2022";"10:02:52";"2018";"2";"Eleição Ordinária";"297";"Eleições Gerais Estaduais 2018";"MG";"MG";"MINAS GERAIS";"130000628857";"Ausência de requisito de registro "
"30/01/2022";"10:02:52";"2018";"2";"Eleição Ordinária";"297";"Eleições Gerais Estaduais 2018";"MG";"MG";"MINAS GERAIS";"130000613139";"Ausência de requisito de registro "
"30/01/2022";"10:02:52";"2018";"2";"Eleição Ordinária";"297";"Eleições Gerais Estaduais 2018";"MG";"MG";"MINAS GERAIS";"130000628526";"Ausência de requisito de registro "
"30/01/2022";"10:02:52";"2018";"2";"Eleição Ordinária";"297";"Eleições Gerais Estaduais 2018";"MG";"MG";"MINAS GERAIS";"130000610138";"Ausência de requisito de registro "
"30/01/2022";"10:02:52";"2018";"2";"Eleição Ordinária";"297";"Eleições Gerais Estaduais 2018";"MG";"MG";"MINAS GERAIS";"130000620839";"Ausência de requisito de registro "
"30/01/2022";"10:02:52";"2018";"2";"Eleição Ordinária";"297";"Eleições Gerais Estaduais 2018";"MG";"MG";"MINAS GERAIS";"130000620951";"Indeferimento de partido ou coligação."
"30/01/2022";"10:02:52";"2018";"2";"Eleição Ordinária";"297";"Eleições Gerais Estaduais 2018";"MG";"MG";"MINAS GERAIS";"130000616604";"Ausência de requisito de registro "
"30/01/2022";"10:02:52";"2018";"2";"Eleição Ordinária";"297";"Eleições Gerais Estaduais 2018";"MG";"MG";"MINAS GERAIS";"130000603184";"Ausência de requisito de registro "
"30/01/2022";"10:02:52";"2018";"2";"Eleição Ordinária";"297";"Eleições Gerais Estaduais 2018";"MG";"MG";"MINAS GERAIS";"130000617209";"Indeferimento de partido ou coligação."
"30/01/2022";"10:02:52";"2018";"2";"Eleição Ordinária";"297";"Eleições Gerais Estaduais 2018";"MG";"MG";"MINAS GERAIS";"130000628032";"Indeferimento de partido ou coligação."
"30/01/2022";"10:02:52";"2018";"2";"Eleição Ordinária";"297";"Eleições Gerais Estaduais 2018";"MG";"MG";"MINAS GERAIS";"130000610116";"Impugnação"
"30/01/2022";"10:02:52";"2018";"2";"Eleição Ordinária";"297";"Eleições Gerais Estaduais 2018";"MG";"MG";"MINAS GERAIS";"130000626888";"Ausência de requisito de registro "
"30/01/2022";"10:02:52";"2018";"2";"Eleição Ordinária";"297";"Eleições Gerais Estaduais 2018";"MG";"MG";"MINAS GERAIS";"130000626916";"Ausência de requisito de registro "
"30/01/2022";"10:02:52";"2018";"2";"Eleição Ordinária";"297";"Eleições Gerais Estaduais 2018";"MG";"MG";"MINAS GERAIS";"130000616673";"Impugnação"
"30/01/2022";"10:02:52";"2018";"2";"Eleição Ordinária";"297";"Eleições Gerais Estaduais 2018";"MG";"MG";"MINAS GERAIS";"130000627094";"Ausência de requisito de registro "
"30/01/2022";"10:02:52";"2018";"2";"Eleição Ordinária";"297";"Eleições Gerais Estaduais 2018";"MG";"MG";"MINAS GERAIS";"130000603254";"Ausência de requisito de registro "
"30/01/2022";"10:02:52";"2018";"2";"Eleição Ordinária";"297";"Eleições Gerais Estaduais 2018";"MG";"MG";"MINAS GERAIS";"130000611061";"Ausência de requisito de registro "
"30/01/2022";"10:02:52";"2018";"2";"Eleição Ordinária";"297";"Eleições Gerais Estaduais 2018";"MG";"MG";"MINAS GERAIS";"130000624477";"Ausência de requisito de registro "
"30/01/2022";"10:02:52";"2018";"2";"Eleição Ordinária";"297";"Eleições Gerais Estaduais 2018";"MG";"MG";"MINAS GERAIS";"130000613233";"Ausência de requisito de registro "
"30/01/2022";"10:02:52";"2018";"2";"Eleição Ordinária";"297";"Eleições Gerais Estaduais 2018";"MG";"MG";"MINAS GERAIS";"130000628569";"Ausência de requisito de registro "
"30/01/2022";"10:02:52";"2018";"2";"Eleição Ordinária";"297";"Eleições Gerais Estaduais 2018";"MG";"MG";"MINAS GERAIS";"130000613253";"Impugnação"
"30/01/2022";"10:02:52";"2018";"2";"Eleição Ordinária";"297";"Eleições Gerais Estaduais 2018";"MG";"MG";"MINAS GERAIS";"130000630036";"Ausência de requisito de registro "
"30/01/2022";"10:02:52";"2018";"2";"Eleição Ordinária";"297";"Eleições Gerais Estaduais 2018";"MG";"MG";"MINAS GERAIS";"130000603197";"Ausência de requisito de registro "
"30/01/2022";"10:02:52";"2018";"2";"Eleição Ordinária";"297";"Eleições Gerais Estaduais 2018";"MG";"MG";"MINAS GERAIS";"130000628790";"Ausência de requisito de registro "
"30/01/2022";"10:02:52";"2018";"2";"Eleição Ordinária";"297";"Eleições Gerais Estaduais 2018";"MG";"MG";"MINAS GERAIS";"130000628019";"Ausência de requisito de registro "
"30/01/2022";"10:02:52";"2018";"2";"Eleição Ordinária";"297";"Eleições Gerais Estaduais 2018";"MG";"MG";"MINAS GERAIS";"130000630022";"Ausência de requisito de registro "
"30/01/2022";"10:02:52";"2018";"2";"Eleição Ordinária";"297";"Eleições Gerais Estaduais 2018";"MG";"MG";"MINAS GERAIS";"130000628808";"Ausência de requisito de registro "
"30/01/2022";"10:02:52";"2018";"2";"Eleição Ordinária";"297";"Eleições Gerais Estaduais 2018";"MG";"MG";"MINAS GERAIS";"130000603249";"Impugnação"
"30/01/2022";"10:02:52";"2018";"2";"Eleição Ordinária";"297";"Eleições Gerais Estaduais 2018";"MG";"MG";"MINAS GERAIS";"130000628843";"Ausência de requisito de registro "
"30/01/2022";"10:02:52";"2018";"2";"Eleição Ordinária";"297";"Eleições Gerais Estaduais 2018";"MG";"MG";"MINAS GERAIS";"130000620826";"Ausência de requisito de registro "
"30/01/2022";"10:02:52";"2018";"2";"Eleição Ordinária";"297";"Eleições Gerais Estaduais 2018";"MG";"MG";"MINAS GERAIS";"130000605887";"Ausência de requisito de registro "
"30/01/2022";"10:02:52";"2018";"2";"Eleição Ordinária";"297";"Eleições Gerais Estaduais 2018";"MG";"MG";"MINAS GERAIS";"130000605892";"Ausência de requisito de registro "
"30/01/2022";"10:02:52";"2018";"2";"Eleição Ordinária";"297";"Eleições Gerais Estaduais 2018";"MG";"MG";"MINAS GERAIS";"130000613099";"Impugnação"
"30/01/2022";"10:02:52";"2018";"2";"Eleição Ordinária";"297";"Eleições Gerais Estaduais 2018";"MG";"MG";"MINAS GERAIS";"130000610243";"Ausência de requisito de registro "
"30/01/2022";"10:02:52";"2018";"2";"Eleição Ordinária";"297";"Eleições Gerais Estaduais 2018";"MG";"MG";"MINAS GERAIS";"130000617213";"Indeferimento de partido ou coligação."
"30/01/2022";"10:02:52";"2018";"2";"Eleição Ordinária";"297";"Eleições Gerais Estaduais 2018";"MG";"MG";"MINAS GERAIS";"130000617214";"Indeferimento de partido ou coligação."
"30/01/2022";"10:02:52";"2018";"2";"Eleição Ordinária";"297";"Eleições Gerais Estaduais 2018";"MG";"MG";"MINAS GERAIS";"130000624466";"Ausência de requisito de registro "
"30/01/2022";"10:02:52";"2018";"2";"Eleição Ordinária";"297";"Eleições Gerais Estaduais 2018";"MG";"MG";"MINAS GERAIS";"130000611062";"Impugnação"
"30/01/2022";"10:02:52";"2018";"2";"Eleição Ordinária";"297";"Eleições Gerais Estaduais 2018";"MG";"MG";"MINAS GERAIS";"130000628849";"Ausência de requisito de registro "
"30/01/2022";"10:02:52";"2018";"2";"Eleição Ordinária";"297";"Eleições Gerais Estaduais 2018";"MG";"MG";"MINAS GERAIS";"130000611078";"Ausência de requisito de registro "
"30/01/2022";"10:02:52";"2018";"2";"Eleição Ordinária";"297";"Eleições Gerais Estaduais 2018";"MG";"MG";"MINAS GERAIS";"130000628848";"Ausência de requisito de registro "
"30/01/2022";"10:02:52";"2018";"2";"Eleição Ordinária";"297";"Eleições Gerais Estaduais 2018";"MG";"MG";"MINAS GERAIS";"130000620826";"Indeferimento de partido ou coligação."
"30/01/2022";"10:02:52";"2018";"2";"Eleição Ordinária";"297";"Eleições Gerais Estaduais 2018";"MG";"MG";"MINAS GERAIS";"130000612294";"Ausência de requisito de registro "
"30/01/2022";"10:02:52";"2018";"2";"Eleição Ordinária";"297";"Eleições Gerais Estaduais 2018";"MG";"MG";"MINAS GERAIS";"130000615653";"Impugnação"
"30/01/2022";"10:02:52";"2018";"2";"Eleição Ordinária";"297";"Eleições Gerais Estaduais 2018";"MG";"MG";"MINAS GERAIS";"130000617975";"Ausência de requisito de registro "
"30/01/2022";"10:02:52";"2018";"2";"Eleição Ordinária";"297";"Eleições Gerais Estaduais 2018";"MG";"MG";"MINAS GERAIS";"130000620967";"Indeferimento de partido ou coligação."
"30/01/2022";"10:02:52";"2018";"2";"Eleição Ordinária";"297";"Eleições Gerais Estaduais 2018";"MG";"MG";"MINAS GERAIS";"130000620834";"Ausência de requisito de registro "
"30/01/2022";"10:02:52";"2018";"2";"Eleição Ordinária";"297";"Eleições Gerais Estaduais 2018";"MG";"MG";"MINAS GERAIS";"130000620748";"Impugnação"
"30/01/2022";"10:02:52";"2018";"2";"Eleição Ordinária";"297";"Eleições Gerais Estaduais 2018";"MG";"MG";"MINAS GERAIS";"130000617928";"Ausência de requisito de registro "
"30/01/2022";"10:02:52";"2018";"2";"Eleição Ordinária";"297";"Eleições Gerais Estaduais 2018";"MG";"MG";"MINAS GERAIS";"130000616673";"Ausência de requisito de registro "
"30/01/2022";"10:02:52";"2018";"2";"Eleição Ordinária";"297";"Eleições Gerais Estaduais 2018";"MG";"MG";"MINAS GERAIS";"130000618056";"Ausência de requisito de registro "
"30/01/2022";"10:02:52";"2018";"2";"Eleição Ordinária";"297";"Eleições Gerais Estaduais 2018";"MG";"MG";"MINAS GERAIS";"130000611074";"Ausência de requisito de registro "
"30/01/2022";"10:02:52";"2018";"2";"Eleição Ordinária";"297";"Eleições Gerais Estaduais 2018";"MG";"MG";"MINAS GERAIS";"130000620965";"Indeferimento de partido ou coligação."
"30/01/2022";"10:02:52";"2018";"2";"Eleição Ordinária";"297";"Eleições Gerais Estaduais 2018";"MG";"MG";"MINAS GERAIS";"130000628855";"Ausência de requisito de registro "
"30/01/2022";"10:02:52";"2018";"2";"Eleição Ordinária";"297";"Eleições Gerais Estaduais 2018";"MG";"MG";"MINAS GERAIS";"130000612258";"Ausência de requisito de registro "
"30/01/2022";"10:02:52";"2018";"2";"Eleição Ordinária";"297";"Eleições Gerais Estaduais 2018";"MG";"MG";"MINAS GERAIS";"130000617983";"Ausência de requisito de registro "
"30/01/2022";"10:02:52";"2018";"2";"Eleição Ordinária";"297";"Eleições Gerais Estaduais 2018";"MG";"MG";"MINAS GERAIS";"130000617938";"Ausência de requisito de registro "
"30/01/2022";"10:02:52";"2018";"2";"Eleição Ordinária";"297";"Eleições Gerais Estaduais 2018";"MG";"MG";"MINAS GERAIS";"130000603243";"Ausência de requisito de registro "
"30/01/2022";"10:02:52";"2018";"2";"Eleição Ordinária";"297";"Eleições Gerais Estaduais 2018";"MG";"MG";"MINAS GERAIS";"130000620951";"Ausência de requisito de registro "
"30/01/2022";"10:02:52";"2018";"2";"Eleição Ordinária";"297";"Eleições Gerais Estaduais 2018";"MG";"MG";"MINAS GERAIS";"130000610165";"Impugnação"
"30/01/2022";"10:02:52";"2018";"2";"Eleição Ordinária";"297";"Eleições Gerais Estaduais 2018";"MG";"MG";"MINAS GERAIS";"130000606638";"Impugnação"
"30/01/2022";"10:02:52";"2018";"2";"Eleição Ordinária";"297";"Eleições Gerais Estaduais 2018";"MG";"MG";"MINAS GERAIS";"130000603183";"Ausência de requisito de registro "
"30/01/2022";"10:02:52";"2018";"2";"Eleição Ordinária";"297";"Eleições Gerais Estaduais 2018";"MG";"MG";"MINAS GERAIS";"130000613133";"Ausência de requisito de registro "
"30/01/2022";"10:02:52";"2018";"2";"Eleição Ordinária";"297";"Eleições Gerais Estaduais 2018";"MG";"MG";"MINAS GERAIS";"130000626821";"Ausência de requisito de registro "
"30/01/2022";"10:02:52";"2018";"2";"Eleição Ordinária";"297";"Eleições Gerais Estaduais 2018";"MG";"MG";"MINAS GERAIS";"130000628018";"Impugnação"
"30/01/2022";"10:02:52";"2018";"2";"Eleição Ordinária";"297";"Eleições Gerais Estaduais 2018";"MG";"MG";"MINAS GERAIS";"130000627049";"Ausência de requisito de registro "
"30/01/2022";"10:02:52";"2018";"2";"Eleição Ordinária";"297";"Eleições Gerais Estaduais 2018";"MG";"MG";"MINAS GERAIS";"130000620837";"Ausência de requisito de registro "
"30/01/2022";"10:02:52";"2018";"2";"Eleição Ordinária";"297";"Eleições Gerais Estaduais 2018";"MG";"MG";"MINAS GERAIS";"130000616627";"Ausência de requisito de registro "
"30/01/2022";"10:02:52";"2018";"2";"Eleição Ordinária";"297";"Eleições Gerais Estaduais 2018";"MG";"MG";"MINAS GERAIS";"130000626917";"Ausência de requisito de registro "
"30/01/2022";"10:02:52";"2018";"2";"Eleição Ordinária";"297";"Eleições Gerais Estaduais 2018";"MG";"MG";"MINAS GERAIS";"130000603254";"Impugnação"
"30/01/2022";"10:02:52";"2018";"2";"Eleição Ordinária";"297";"Eleições Gerais Estaduais 2018";"MG";"MG";"MINAS GERAIS";"130000611095";"Ausência de requisito de registro "
"30/01/2022";"10:02:52";"2018";"2";"Eleição Ordinária";"297";"Eleições Gerais Estaduais 2018";"MG";"MG";"MINAS GERAIS";"130000628788";"Ausência de requisito de registro "
"30/01/2022";"10:02:52";"2018";"2";"Eleição Ordinária";"297";"Eleições Gerais Estaduais 2018";"MG";"MG";"MINAS GERAIS";"130000617211";"Indeferimento de partido ou coligação."
"30/01/2022";"10:02:52";"2018";"2";"Eleição Ordinária";"297";"Eleições Gerais Estaduais 2018";"MG";"MG";"MINAS GERAIS";"130000617212";"Indeferimento de partido ou coligação."
"30/01/2022";"10:02:52";"2018";"2";"Eleição Ordinária";"297";"Eleições Gerais Estaduais 2018";"MG";"MG";"MINAS GERAIS";"130000627070";"Impugnação"
"30/01/2022";"10:02:52";"2018";"2";"Eleição Ordinária";"297";"Eleições Gerais Estaduais 2018";"MG";"MG";"MINAS GERAIS";"130000628018";"Ausência de requisito de registro "
"30/01/2022";"10:02:52";"2018";"2";"Eleição Ordinária";"297";"Eleições Gerais Estaduais 2018";"MG";"MG";"MINAS GERAIS";"130000628032";"Ausência de requisito de registro "
"30/01/2022";"10:02:52";"2018";"2";"Eleição Ordinária";"297";"Eleições Gerais Estaduais 2018";"MG";"MG";"MINAS GERAIS";"130000620835";"Ausência de requisito de registro "
"30/01/2022";"10:02:52";"2018";"2";"Eleição Ordinária";"297";"Eleições Gerais Estaduais 2018";"MG";"MG";"MINAS GERAIS";"130000626974";"Ausência de requisito de registro "
"30/01/2022";"10:02:52";"2018";"2";"Eleição Ordinária";"297";"Eleições Gerais Estaduais 2018";"MG";"MG";"MINAS GERAIS";"130000616606";"Ausência de requisito de registro "
"30/01/2022";"10:02:52";"2018";"2";"Eleição Ordinária";"297";"Eleições Gerais Estaduais 2018";"MG";"MG";"MINAS GERAIS";"130000626882";"Impugnação"
"30/01/2022";"10:02:52";"2018";"2";"Eleição Ordinária";"297";"Eleições Gerais Estaduais 2018";"MG";"MG";"MINAS GERAIS";"130000628851";"Ausência de requisito de registro "
"30/01/2022";"10:02:52";"2018";"2";"Eleição Ordinária";"297";"Eleições Gerais Estaduais 2018";"MG";"MG";"MINAS GERAIS";"130000606604";"Ausência de requisito de registro "
"30/01/2022";"10:02:52";"2018";"2";"Eleição Ordinária";"297";"Eleições Gerais Estaduais 2018";"MG";"MG";"MINAS GERAIS";"130000620955";"Ausência de requisito de registro "
"30/01/2022";"10:02:52";"2018";"2";"Eleição Ordinária";"297";"Eleições Gerais Estaduais 2018";"MG";"MG";"MINAS GERAIS";"130000620966";"Indeferimento de partido ou coligação."
"30/01/2022";"10:02:52";"2018";"2";"Eleição Ordinária";"297";"Eleições Gerais Estaduais 2018";"MG";"MG";"MINAS GERAIS";"130000628569";"Impugnação"
"30/01/2022";"10:02:52";"2018";"2";"Eleição Ordinária";"297";"Eleições Gerais Estaduais 2018";"MG";"MG";"MINAS GERAIS";"130000628858";"Ausência de requisito de registro "
"30/01/2022";"10:02:52";"2018";"2";"Eleição Ordinária";"297";"Eleições Gerais Estaduais 2018";"MG";"MG";"MINAS GERAIS";"130000615677";"Ausência de requisito de registro "
"30/01/2022";"10:02:52";"2018";"2";"Eleição Ordinária";"297";"Eleições Gerais Estaduais 2018";"MG";"MG";"MINAS GERAIS";"130000618054";"Ausência de requisito de registro "
"30/01/2022";"10:02:52";"2018";"2";"Eleição Ordinária";"297";"Eleições Gerais Estaduais 2018";"MG";"MG";"MINAS GERAIS";"130000613099";"Ausência de requisito de registro "
"30/01/2022";"10:02:52";"2018";"2";"Eleição Ordinária";"297";"Eleições Gerais Estaduais 2018";"MG";"MG";"MINAS GERAIS";"130000616612";"Impugnação"
"30/01/2022";"10:02:52";"2018";"2";"Eleição Ordinária";"297";"Eleições Gerais Estaduais 2018";"MG";"MG";"MINAS GERAIS";"130000629954";"Ausência de requisito de registro "
"30/01/2022";"10:02:52";"2018";"2";"Eleição Ordinária";"297";"Eleições Gerais Estaduais 2018";"MG";"MG";"MINAS GERAIS";"130000610147";"Ausência de requisito de registro "
"30/01/2022";"10:02:52";"2018";"2";"Eleição Ordinária";"297";"Eleições Gerais Estaduais 2018";"MG";"MG";"MINAS GERAIS";"130000617987";"Ausência de requisito de registro "
"30/01/2022";"10:02:52";"2018";"2";"Eleição Ordinária";"297";"Eleições Gerais Estaduais 2018";"MG";"MG";"MINAS GERAIS";"130000626715";"Impugnação"
"30/01/2022";"10:02:52";"2018";"2";"Eleição Ordinária";"297";"Eleições Gerais Estaduais 2018";"MG";"MG";"MINAS GERAIS";"130000610156";"Ausência de requisito de registro "
"30/01/2022";"10:02:52";"2018";"2";"Eleição Ordinária";"297";"Eleições Gerais Estaduais 2018";"MG";"MG";"MINAS GERAIS";"130000611071";"Ausência de requisito de registro "
"30/01/2022";"10:02:52";"2018";"2";"Eleição Ordinária";"297";"Eleições Gerais Estaduais 2018";"MG";"MG";"MINAS GERAIS";"130000606544";"Ausência de requisito de registro "
"30/01/2022";"10:02:52";"2018";"2";"Eleição Ordinária";"297";"Eleições Gerais Estaduais 2018";"MG";"MG";"MINAS GERAIS";"130000615681";"Ausência de requisito de registro "
"30/01/2022";"10:02:52";"2018";"2";"Eleição Ordinária";"297";"Eleições Gerais Estaduais 2018";"MG";"MG";"MINAS GERAIS";"130000615683";"Ausência de requisito de registro "
"30/01/2022";"10:02:52";"2018";"2";"Eleição Ordinária";"297";"Eleições Gerais Estaduais 2018";"MG";"MG";"MINAS GERAIS";"130000620823";"Indeferimento de partido ou coligação."
"30/01/2022";"10:02:52";"2018";"2";"Eleição Ordinária";"297";"Eleições Gerais Estaduais 2018";"MG";"MG";"MINAS GERAIS";"130000620825";"Indeferimento de partido ou coligação."
"30/01/2022";"10:02:52";"2018";"2";"Eleição Ordinária";"297";"Eleições Gerais Estaduais 2018";"MG";"MG";"MINAS GERAIS";"130000611095";"Impugnação"
"30/01/2022";"10:02:52";"2018";"2";"Eleição Ordinária";"297";"Eleições Gerais Estaduais 2018";"MG";"MG";"MINAS GERAIS";"130000620828";"Indeferimento de partido ou coligação."
"30/01/2022";"10:02:52";"2018";"2";"Eleição Ordinária";"297";"Eleições Gerais Estaduais 2018";"MG";"MG";"MINAS GERAIS";"130000610116";"Ausência de requisito de registro "
"30/01/2022";"10:02:52";"2018";"2";"Eleição Ordinária";"297";"Eleições Gerais Estaduais 2018";"MG";"MG";"MINAS GERAIS";"130000620830";"Impugnação"
"30/01/2022";"10:02:52";"2018";"2";"Eleição Ordinária";"297";"Eleições Gerais Estaduais 2018";"MG";"MG";"MINAS GERAIS";"130000624869";"Ausência de requisito de registro "
"30/01/2022";"10:02:52";"2018";"2";"Eleição Ordinária";"297";"Eleições Gerais Estaduais 2018";"MG";"MG";"MINAS GERAIS";"130000617947";"Ausência de requisito de registro "
"30/01/2022";"10:02:52";"2018";"2";"Eleição Ordinária";"297";"Eleições Gerais Estaduais 2018";"MG";"MG";"MINAS GERAIS";"130000616612";"Ausência de requisito de registro "
"30/01/2022";"10:02:52";"2018";"2";"Eleição Ordinária";"297";"Eleições Gerais Estaduais 2018";"MG";"MG";"MINAS GERAIS";"130000630029";"Ausência de requisito de registro "
"30/01/2022";"10:02:52";"2018";"2";"Eleição Ordinária";"297";"Eleições Gerais Estaduais 2018";"MG";"MG";"MINAS GERAIS";"130000620711";"Ausência de requisito de registro "
"30/01/2022";"10:02:52";"2018";"2";"Eleição Ordinária";"297";"Eleições Gerais Estaduais 2018";"MG";"MG";"MINAS GERAIS";"130000620955";"Indeferimento de partido ou coligação."
"30/01/2022";"10:02:52";"2018";"2";"Eleição Ordinária";"297";"Eleições Gerais Estaduais 2018";"MG";"MG";"MINAS GERAIS";"130000615653";"Ausência de requisito de registro "
"30/01/2022";"10:02:52";"2018";"2";"Eleição Ordinária";"297";"Eleições Gerais Estaduais 2018";"MG";"MG";"MINAS GERAIS";"130000603201";"Ausência de requisito de registro "
"30/01/2022";"10:02:52";"2018";"2";"Eleição Ordinária";"297";"Eleições Gerais Estaduais 2018";"MG";"MG";"MINAS GERAIS";"130000610243";"Impugnação"
"30/01/2022";"10:02:52";"2018";"2";"Eleição Ordinária";"297";"Eleições Gerais Estaduais 2018";"MG";"MG";"MINAS GERAIS";"130000627070";"Ausência de requisito de registro "
"30/01/2022";"10:02:52";"2018";"2";"Eleição Ordinária";"297";"Eleições Gerais Estaduais 2018";"MG";"MG";"MINAS GERAIS";"130000620960";"Indeferimento de partido ou coligação."
"30/01/2022";"10:02:52";"2018";"2";"Eleição Ordinária";"297";"Eleições Gerais Estaduais 2018";"MG";"MG";"MINAS GERAIS";"130000628853";"Ausência de requisito de registro "
"30/01/2022";"10:02:52";"2018";"2";"Eleição Ordinária";"297";"Eleições Gerais Estaduais 2018";"MG";"MG";"MINAS GERAIS";"130000606658";"Ficha limpa (LC 64/90)"
"30/01/2022";"10:02:52";"2018";"2";"Eleição Ordinária";"297";"Eleições Gerais Estaduais 2018";"MG";"MG";"MINAS GERAIS";"130000628517";"Ausência de requisito de registro "
"30/01/2022";"10:02:52";"2018";"2";"Eleição Ordinária";"297";"Eleições Gerais Estaduais 2018";"MG";"MG";"MINAS GERAIS";"130000628852";"Ausência de requisito de registro "
"30/01/2022";"10:02:52";"2018";"2";"Eleição Ordinária";"297";"Eleições Gerais Estaduais 2018";"MG";"MG";"MINAS GERAIS";"130000606601";"Ausência de requisito de registro "
"30/01/2022";"10:02:52";"2018";"2";"Eleição Ordinária";"297";"Eleições Gerais Estaduais 2018";"MG";"MG";"MINAS GERAIS";"130000629794";"Impugnação"
"30/01/2022";"10:02:52";"2018";"2";"Eleição Ordinária";"297";"Eleições Gerais Estaduais 2018";"MG";"MG";"MINAS GERAIS";"130000610245";"Ausência de requisito de registro "
"30/01/2022";"10:02:52";"2018";"2";"Eleição Ordinária";"297";"Eleições Gerais Estaduais 2018";"MG";"MG";"MINAS GERAIS";"130000616685";"Ausência de requisito de registro "
"30/01/2022";"10:02:52";"2018";"2";"Eleição Ordinária";"297";"Eleições Gerais Estaduais 2018";"MG";"MG";"MINAS GERAIS";"130000620748";"Ausência de requisito de registro "
"30/01/2022";"10:02:52";"2018";"2";"Eleição Ordinária";"297";"Eleições Gerais Estaduais 2018";"MG";"MG";"MINAS GERAIS";"130000620831";"Ausência de requisito de registro "
"30/01/2022";"10:02:52";"2018";"2";"Eleição Ordinária";"297";"Eleições Gerais Estaduais 2018";"MG";"MG";"MINAS GERAIS";"130000603249";"Ausência de requisito de registro "
"30/01/2022";"10:02:52";"2018";"2";"Eleição Ordinária";"297";"Eleições Gerais Estaduais 2018";"MG";"MG";"MINAS GERAIS";"130000629745";"Ausência de requisito de registro "
"30/01/2022";"10:02:52";"2018";"2";"Eleição Ordinária";"297";"Eleições Gerais Estaduais 2018";"MG";"MG";"MINAS GERAIS";"130000611079";"Ausência de requisito de registro "
"30/01/2022";"10:02:52";"2018";"2";"Eleição Ordinária";"297";"Eleições Gerais Estaduais 2018";"MG";"MG";"MINAS GERAIS";"130000610102";"Ausência de requisito de registro "
"30/01/2022";"10:02:52";"2018";"2";"Eleição Ordinária";"297";"Eleições Gerais Estaduais 2018";"MG";"MG";"MINAS GERAIS";"130000603182";"Ausência de requisito de registro "
"30/01/2022";"10:02:52";"2018";"2";"Eleição Ordinária";"297";"Eleições Gerais Estaduais 2018";"MG";"MG";"MINAS GERAIS";"130000603192";"Ausência de requisito de registro "
"30/01/2022";"10:02:52";"2018";"2";"Eleição Ordinária";"297";"Eleições Gerais Estaduais 2018";"MG";"MG";"MINAS GERAIS";"130000628548";"Impugnação"
"30/01/2022";"10:02:52";"2018";"2";"Eleição Ordinária";"297";"Eleições Gerais Estaduais 2018";"MG";"MG";"MINAS GERAIS";"130000629703";"Ausência de requisito de registro "
"30/01/2022";"10:02:52";"2018";"2";"Eleição Ordinária";"297";"Eleições Gerais Estaduais 2018";"MG";"MG";"MINAS GERAIS";"130000606496";"Ausência de requisito de registro "
"30/01/2022";"10:02:52";"2018";"2";"Eleição Ordinária";"297";"Eleições Gerais Estaduais 2018";"MG";"MG";"MINAS GERAIS";"130000629954";"Impugnação"
"30/01/2022";"10:02:52";"2018";"2";"Eleição Ordinária";"297";"Eleições Gerais Estaduais 2018";"MG";"MG";"MINAS GERAIS";"130000617985";"Ausência de requisito de registro "
"30/01/2022";"10:02:52";"2018";"2";"Eleição Ordinária";"297";"Eleições Gerais Estaduais 2018";"MG";"MG";"MINAS GERAIS";"130000610152";"Ausência de requisito de registro "
"30/01/2022";"10:02:52";"2018";"2";"Eleição Ordinária";"297";"Eleições Gerais Estaduais 2018";"MG";"MG";"MINAS GERAIS";"130000606603";"Ausência de requisito de registro "
"30/01/2022";"10:02:52";"2018";"2";"Eleição Ordinária";"297";"Eleições Gerais Estaduais 2018";"MG";"MG";"MINAS GERAIS";"130000627360";"Ausência de requisito de registro "
"30/01/2022";"10:02:52";"2018";"2";"Eleição Ordinária";"297";"Eleições Gerais Estaduais 2018";"MG";"MG";"MINAS GERAIS";"130000628812";"Ausência de requisito de registro "
"30/01/2022";"10:02:52";"2018";"2";"Eleição Ordinária";"297";"Eleições Gerais Estaduais 2018";"MG";"MG";"MINAS GERAIS";"130000620829";"Ausência de requisito de registro "
"30/01/2022";"10:02:52";"2018";"2";"Eleição Ordinária";"297";"Eleições Gerais Estaduais 2018";"MG";"MG";"MINAS GERAIS";"130000612291";"Ausência de requisito de registro "
"30/01/2022";"10:02:52";"2018";"2";"Eleição Ordinária";"297";"Eleições Gerais Estaduais 2018";"MG";"MG";"MINAS GERAIS";"130000612294";"Impugnação"
"30/01/2022";"10:02:52";"2018";"2";"Eleição Ordinária";"297";"Eleições Gerais Estaduais 2018";"MG";"MG";"MINAS GERAIS";"130000617950";"Ausência de requisito de registro "
"30/01/2022";"10:02:52";"2018";"2";"Eleição Ordinária";"297";"Eleições Gerais Estaduais 2018";"MG";"MG";"MINAS GERAIS";"130000617984";"Ausência de requisito de registro "
"30/01/2022";"10:02:52";"2018";"2";"Eleição Ordinária";"297";"Eleições Gerais Estaduais 2018";"MG";"MG";"MINAS GERAIS";"130000628526";"Impugnação"
"30/01/2022";"10:02:52";"2018";"2";"Eleição Ordinária";"297";"Eleições Gerais Estaduais 2018";"MG";"MG";"MINAS GERAIS";"130000628806";"Ausência de requisito de registro "
"30/01/2022";"10:02:52";"2018";"2";"Eleição Ordinária";"297";"Eleições Gerais Estaduais 2018";"MG";"MG";"MINAS GERAIS";"130000616663";"Ausência de requisito de registro "
"30/01/2022";"10:02:52";"2018";"2";"Eleição Ordinária";"297";"Eleições Gerais Estaduais 2018";"MG";"MG";"MINAS GERAIS";"130000610191";"Ficha limpa (LC 64/90)"
"30/01/2022";"10:02:52";"2018";"2";"Eleição Ordinária";"297";"Eleições Gerais Estaduais 2018";"MG";"MG";"MINAS GERAIS";"130000611075";"Ausência de requisito de registro "
"30/01/2022";"10:02:52";"2018";"2";"Eleição Ordinária";"297";"Eleições Gerais Estaduais 2018";"MG";"MG";"MINAS GERAIS";"130000628789";"Ausência de requisito de registro "
"30/01/2022";"10:02:52";"2018";"2";"Eleição Ordinária";"297";"Eleições Gerais Estaduais 2018";"MG";"MG";"MINAS GERAIS";"130000617881";"Ausência de requisito de registro "
"30/01/2022";"10:02:52";"2018";"2";"Eleição Ordinária";"297";"Eleições Gerais Estaduais 2018";"MG";"MG";"MINAS GERAIS";"130000629794";"Ausência de requisito de registro "
"30/01/2022";"10:02:52";"2018";"2";"Eleição Ordinária";"297";"Eleições Gerais Estaduais 2018";"MG";"MG";"MINAS GERAIS";"130000605871";"Ausência de requisito de registro "
"30/01/2022";"10:02:52";"2018";"2";"Eleição Ordinária";"297";"Eleições Gerais Estaduais 2018";"MG";"MG";"MINAS GERAIS";"130000620828";"Ausência de requisito de registro "
"30/01/2022";"10:02:52";"2018";"2";"Eleição Ordinária";"297";"Eleições Gerais Estaduais 2018";"MG";"MG";"MINAS GERAIS";"130000627036";"Ausência de requisito de registro "
"30/01/2022";"10:02:52";"2018";"2";"Eleição Ordinária";"297";"Eleições Gerais Estaduais 2018";"MG";"MG";"MINAS GERAIS";"130000620895";"Ausência de requisito de registro "
"30/01/2022";"10:02:52";"2018";"2";"Eleição Ordinária";"297";"Eleições Gerais Estaduais 2018";"MG";"MG";"MINAS GERAIS";"130000629016";"Ausência de requisito de registro "
"30/01/2022";"10:02:52";"2018";"2";"Eleição Ordinária";"297";"Eleições Gerais Estaduais 2018";"MG";"MG";"MINAS GERAIS";"130000617987";"Impugnação"
"30/01/2022";"10:02:52";"2018";"2";"Eleição Ordinária";"297";"Eleições Gerais Estaduais 2018";"MG";"MG";"MINAS GERAIS";"130000620954";"Indeferimento de partido ou coligação."
"30/01/2022";"10:02:52";"2018";"2";"Eleição Ordinária";"297";"Eleições Gerais Estaduais 2018";"MG";"MG";"MINAS GERAIS";"130000616521";"Ausência de requisito de registro "
"30/01/2022";"10:02:52";"2018";"2";"Eleição Ordinária";"297";"Eleições Gerais Estaduais 2018";"MG";"MG";"MINAS GERAIS";"130000626895";"Ausência de requisito de registro "
"30/01/2022";"10:02:52";"2018";"2";"Eleição Ordinária";"297";"Eleições Gerais Estaduais 2018";"MG";"MG";"MINAS GERAIS";"130000610242";"Ausência de requisito de registro "
"30/01/2022";"10:02:52";"2018";"2";"Eleição Ordinária";"297";"Eleições Gerais Estaduais 2018";"MG";"MG";"MINAS GERAIS";"130000610242";"Impugnação"
"30/01/2022";"10:02:52";"2018";"2";"Eleição Ordinária";"297";"Eleições Gerais Estaduais 2018";"MG";"MG";"MINAS GERAIS";"130000610208";"Ausência de requisito de registro "
"30/01/2022";"10:02:52";"2018";"2";"Eleição Ordinária";"297";"Eleições Gerais Estaduais 2018";"MG";"MG";"MINAS GERAIS";"130000620970";"Ausência de requisito de registro "
"30/01/2022";"10:02:52";"2018";"2";"Eleição Ordinária";"297";"Eleições Gerais Estaduais 2018";"MG";"MG";"MINAS GERAIS";"130000629702";"Ausência de requisito de registro "
"30/01/2022";"10:02:52";"2018";"2";"Eleição Ordinária";"297";"Eleições Gerais Estaduais 2018";"MG";"MG";"MINAS GERAIS";"130000626882";"Ausência de requisito de registro "
"30/01/2022";"10:02:52";"2018";"2";"Eleição Ordinária";"297";"Eleições Gerais Estaduais 2018";"MG";"MG";"MINAS GERAIS";"130000615610";"Ausência de requisito de registro "
"30/01/2022";"10:02:52";"2018";"2";"Eleição Ordinária";"297";"Eleições Gerais Estaduais 2018";"MG";"MG";"MINAS GERAIS";"130000620881";"Ausência de requisito de registro "
"30/01/2022";"10:02:52";"2018";"2";"Eleição Ordinária";"297";"Eleições Gerais Estaduais 2018";"MG";"MG";"MINAS GERAIS";"130000620759";"Ausência de requisito de registro "
"30/01/2022";"10:02:52";"2018";"2";"Eleição Ordinária";"297";"Eleições Gerais Estaduais 2018";"MG";"MG";"MINAS GERAIS";"130000606586";"Ausência de requisito de registro "
"30/01/2022";"10:02:52";"2018";"2";"Eleição Ordinária";"297";"Eleições Gerais Estaduais 2018";"MG";"MG";"MINAS GERAIS";"130000611101";"Impugnação"
"30/01/2022";"10:02:52";"2018";"2";"Eleição Ordinária";"297";"Eleições Gerais Estaduais 2018";"MG";"MG";"MINAS GERAIS";"130000603186";"Ausência de requisito de registro "
"30/01/2022";"10:02:52";"2018";"2";"Eleição Ordinária";"297";"Eleições Gerais Estaduais 2018";"MG";"MG";"MINAS GERAIS";"130000610208";"Impugnação"
"30/01/2022";"10:02:52";"2018";"2";"Eleição Ordinária";"297";"Eleições Gerais Estaduais 2018";"MG";"MG";"MINAS GERAIS";"130000616679";"Ausência de requisito de registro "
"30/01/2022";"10:02:52";"2018";"2";"Eleição Ordinária";"297";"Eleições Gerais Estaduais 2018";"MG";"MG";"MINAS GERAIS";"130000615679";"Ausência de requisito de registro "
"30/01/2022";"10:02:52";"2018";"2";"Eleição Ordinária";"297";"Eleições Gerais Estaduais 2018";"MG";"MG";"MINAS GERAIS";"130000620959";"Ausência de requisito de registro "
"30/01/2022";"10:02:52";"2018";"2";"Eleição Ordinária";"297";"Eleições Gerais Estaduais 2018";"MG";"MG";"MINAS GERAIS";"130000627013";"Ausência de requisito de registro "
"30/01/2022";"10:02:52";"2018";"2";"Eleição Ordinária";"297";"Eleições Gerais Estaduais 2018";"MG";"MG";"MINAS GERAIS";"130000611073";"Ausência de requisito de registro "
"30/01/2022";"10:02:52";"2018";"2";"Eleição Ordinária";"297";"Eleições Gerais Estaduais 2018";"MG";"MG";"MINAS GERAIS";"130000630100";"Ausência de requisito de registro "
"30/01/2022";"10:02:52";"2018";"2";"Eleição Ordinária";"297";"Eleições Gerais Estaduais 2018";"MG";"MG";"MINAS GERAIS";"130000615680";"Ausência de requisito de registro "
"30/01/2022";"10:02:52";"2018";"2";"Eleição Ordinária";"297";"Eleições Gerais Estaduais 2018";"MG";"MG";"MINAS GERAIS";"130000606607";"Ausência de requisito de registro "
"30/01/2022";"10:02:52";"2018";"2";"Eleição Ordinária";"297";"Eleições Gerais Estaduais 2018";"MG";"MG";"MINAS GERAIS";"130000603186";"Impugnação"
"30/01/2022";"10:02:52";"2018";"2";"Eleição Ordinária";"297";"Eleições Gerais Estaduais 2018";"MG";"MG";"MINAS GERAIS";"130000628790";"Impugnação"
"30/01/2022";"10:02:52";"2018";"2";"Eleição Ordinária";"297";"Eleições Gerais Estaduais 2018";"MG";"MG";"MINAS GERAIS";"130000620960";"Ausência de requisito de registro "
"30/01/2022";"10:02:52";"2018";"2";"Eleição Ordinária";"297";"Eleições Gerais Estaduais 2018";"MG";"MG";"MINAS GERAIS";"130000617984";"Impugnação"
"30/01/2022";"10:02:52";"2018";"2";"Eleição Ordinária";"297";"Eleições Gerais Estaduais 2018";"MG";"MG";"MINAS GERAIS";"130000620959";"Indeferimento de partido ou coligação."
"30/01/2022";"10:02:52";"2018";"2";"Eleição Ordinária";"297";"Eleições Gerais Estaduais 2018";"MG";"MG";"MINAS GERAIS";"130000603239";"Ausência de requisito de registro "
"30/01/2022";"10:02:52";"2018";"2";"Eleição Ordinária";"297";"Eleições Gerais Estaduais 2018";"MG";"MG";"MINAS GERAIS";"130000627569";"Ausência de requisito de registro "
"30/01/2022";"10:02:52";"2018";"2";"Eleição Ordinária";"297";"Eleições Gerais Estaduais 2018";"MG";"MG";"MINAS GERAIS";"130000610163";"Ausência de requisito de registro "
"30/01/2022";"10:02:52";"2018";"2";"Eleição Ordinária";"297";"Eleições Gerais Estaduais 2018";"MG";"MG";"MINAS GERAIS";"130000606604";"Impugnação"
"30/01/2022";"10:02:52";"2018";"2";"Eleição Ordinária";"297";"Eleições Gerais Estaduais 2018";"MG";"MG";"MINAS GERAIS";"130000620957";"Indeferimento de partido ou coligação."
"30/01/2022";"10:02:52";"2018";"2";"Eleição Ordinária";"297";"Eleições Gerais Estaduais 2018";"MG";"MG";"MINAS GERAIS";"130000613253";"Ausência de requisito de registro "
"30/01/2022";"10:02:52";"2018";"2";"Eleição Ordinária";"297";"Eleições Gerais Estaduais 2018";"MG";"MG";"MINAS GERAIS";"130000606570";"Ausência de requisito de registro "
"30/01/2022";"10:02:52";"2018";"2";"Eleição Ordinária";"297";"Eleições Gerais Estaduais 2018";"MG";"MG";"MINAS GERAIS";"130000620825";"Ausência de requisito de registro "
"30/01/2022";"10:02:52";"2018";"2";"Eleição Ordinária";"297";"Eleições Gerais Estaduais 2018";"MG";"MG";"MINAS GERAIS";"130000627020";"Ausência de requisito de registro "
"30/01/2022";"10:02:52";"2018";"2";"Eleição Ordinária";"297";"Eleições Gerais Estaduais 2018";"MG";"MG";"MINAS GERAIS";"130000628548";"Ausência de requisito de registro "
"30/01/2022";"10:02:52";"2018";"2";"Eleição Ordinária";"297";"Eleições Gerais Estaduais 2018";"MG";"MG";"MINAS GERAIS";"130000626888";"Impugnação"
"30/01/2022";"10:02:52";"2018";"2";"Eleição Ordinária";"297";"Eleições Gerais Estaduais 2018";"MG";"MG";"MINAS GERAIS";"130000605867";"Ausência de requisito de registro "
"30/01/2022";"10:02:52";"2018";"2";"Eleição Ordinária";"297";"Eleições Gerais Estaduais 2018";"MG";"MG";"MINAS GERAIS";"130000618055";"Ausência de requisito de registro "
"30/01/2022";"10:02:52";"2018";"2";"Eleição Ordinária";"297";"Eleições Gerais Estaduais 2018";"MG";"MG";"MINAS GERAIS";"130000627013";"Impugnação"
"30/01/2022";"10:02:52";"2018";"2";"Eleição Ordinária";"297";"Eleições Gerais Estaduais 2018";"MG";"MG";"MINAS GERAIS";"130000606564";"Ausência de requisito de registro "
"30/01/2022";"10:02:52";"2018";"2";"Eleição Ordinária";"297";"Eleições Gerais Estaduais 2018";"MG";"MG";"MINAS GERAIS";"130000613165";"Ausência de requisito de registro "
"30/01/2022";"10:02:52";"2018";"2";"Eleição Ordinária";"297";"Eleições Gerais Estaduais 2018";"MG";"MG";"MINAS GERAIS";"130000630100";"Impugnação"
"30/01/2022";"10:02:52";"2018";"2";"Eleição Ordinária";"297";"Eleições Gerais Estaduais 2018";"MG";"MG";"MINAS GERAIS";"130000611101";"Ausência de requisito de registro "
"30/01/2022";"10:02:52";"2018";"2";"Eleição Ordinária";"297";"Eleições Gerais Estaduais 2018";"MG";"MG";"MINAS GERAIS";"130000618214";"Ausência de requisito de registro "
"30/01/2022";"10:02:52";"2018";"2";"Eleição Ordinária";"297";"Eleições Gerais Estaduais 2018";"MG";"MG";"MINAS GERAIS";"130000617210";"Indeferimento de partido ou coligação."
"30/01/2022";"10:02:52";"2018";"2";"Eleição Ordinária";"297";"Eleições Gerais Estaduais 2018";"MG";"MG";"MINAS GERAIS";"130000618056";"Impugnação"
"30/01/2022";"10:02:52";"2018";"2";"Eleição Ordinária";"297";"Eleições Gerais Estaduais 2018";"MG";"MG";"MINAS GERAIS";"130000620731";"Ausência de requisito de registro "
"30/01/2022";"10:02:52";"2018";"2";"Eleição Ordinária";"297";"Eleições Gerais Estaduais 2018";"MG";"MG";"MINAS GERAIS";"130000617871";"Ausência de requisito de registro "
"30/01/2022";"10:02:52";"2018";"2";"Eleição Ordinária";"297";"Eleições Gerais Estaduais 2018";"MG";"MG";"MINAS GERAIS";"130000626645";"Ficha limpa (LC 64/90)"
"30/01/2022";"10:02:52";"2018";"2";"Eleição Ordinária";"297";"Eleições Gerais Estaduais 2018";"MG";"MG";"MINAS GERAIS";"130000613165";"Impugnação"
"30/01/2022";"10:02:52";"2018";"2";"Eleição Ordinária";"297";"Eleições Gerais Estaduais 2018";"MG";"MG";"MINAS GERAIS";"130000617215";"Indeferimento de partido ou coligação."
